<?xml version="1.0"?>
<Runs Version="1" Minor="0">
	<Run Id="PUF_final_auto_pc_0_synth_1" LaunchDir="C:/Sivasankar/ECE268/puf_final/puf_final.runs/PUF_final_auto_pc_0_synth_1" FlowId="Vivado_Synthesis" FromStepId="vivado" ToStepId="vivado"/>
	<Run Id="PUF_final_rst_ps7_0_50M_0_synth_1" LaunchDir="C:/Sivasankar/ECE268/puf_final/puf_final.runs/PUF_final_rst_ps7_0_50M_0_synth_1" FlowId="Vivado_Synthesis" FromStepId="vivado" ToStepId="vivado"/>
	<Run Id="PUF_final_processing_system7_0_0_synth_1" LaunchDir="C:/Sivasankar/ECE268/puf_final/puf_final.runs/PUF_final_processing_system7_0_0_synth_1" FlowId="Vivado_Synthesis" FromStepId="vivado" ToStepId="vivado"/>
	<Run Id="PUF_final_PUF_0_0_synth_1" LaunchDir="C:/Sivasankar/ECE268/puf_final/puf_final.runs/PUF_final_PUF_0_0_synth_1" FlowId="Vivado_Synthesis" FromStepId="vivado" ToStepId="vivado"/>
	<Run Id="PUF_final_puf_axi_interface_v2_0_0_synth_1" LaunchDir="C:/Sivasankar/ECE268/puf_final/puf_final.runs/PUF_final_puf_axi_interface_v2_0_0_synth_1" FlowId="Vivado_Synthesis" FromStepId="vivado" ToStepId="vivado"/>
	<Run Id="synth_1" LaunchDir="C:/Sivasankar/ECE268/puf_final/puf_final.runs/synth_1" FlowId="Vivado_Synthesis" FromStepId="vivado" ToStepId="vivado">
		<Parent Id="PUF_final_auto_pc_0_synth_1"/>
		<Parent Id="PUF_final_rst_ps7_0_50M_0_synth_1"/>
		<Parent Id="PUF_final_processing_system7_0_0_synth_1"/>
		<Parent Id="PUF_final_PUF_0_0_synth_1"/>
		<Parent Id="PUF_final_puf_axi_interface_v2_0_0_synth_1"/>
	</Run>
	<Run Id="impl_1" LaunchDir="C:/Sivasankar/ECE268/puf_final/puf_final.runs/impl_1" FlowId="Vivado_Implementation" FromStepId="init_design" ToStepId="route_design">
		<Parent Id="synth_1"/>
		<Parent Id="PUF_final_auto_pc_0_synth_1"/>
		<Parent Id="PUF_final_rst_ps7_0_50M_0_synth_1"/>
		<Parent Id="PUF_final_processing_system7_0_0_synth_1"/>
		<Parent Id="PUF_final_PUF_0_0_synth_1"/>
		<Parent Id="PUF_final_puf_axi_interface_v2_0_0_synth_1"/>
	</Run>
</Runs>

