<?xml version="1.0" encoding="UTF-8"?>
<GenRun Id="synth_1" LaunchPart="xc7z020clg400-1" LaunchTime="1553120080">
  <File Type="PA-TCL" Name="PUF_final_wrapper.tcl"/>
  <File Type="RDS-PROPCONSTRS" Name="PUF_final_wrapper_drc_synth.rpt"/>
  <File Type="REPORTS-TCL" Name="PUF_final_wrapper_reports.tcl"/>
  <File Type="RDS-RDS" Name="PUF_final_wrapper.vds"/>
  <File Type="RDS-UTIL" Name="PUF_final_wrapper_utilization_synth.rpt"/>
  <File Type="RDS-UTIL-PB" Name="PUF_final_wrapper_utilization_synth.pb"/>
  <File Type="RDS-DCP" Name="PUF_final_wrapper.dcp"/>
  <File Type="VDS-TIMINGSUMMARY" Name="PUF_final_wrapper_timing_summary_synth.rpt"/>
  <File Type="VDS-TIMING-PB" Name="PUF_final_wrapper_timing_summary_synth.pb"/>
  <FileSet Name="sources" Type="DesignSrcs" RelSrcDir="$PSRCDIR/sources_1">
    <Filter Type="Srcs"/>
    <File Path="$PSRCDIR/sources_1/bd/PUF_final/PUF_final.bd">
      <FileInfo>
        <Attr Name="UsedIn" Val="synthesis"/>
        <Attr Name="UsedIn" Val="implementation"/>
        <Attr Name="UsedIn" Val="simulation"/>
      </FileInfo>
    </File>
    <File Path="$PSRCDIR/sources_1/bd/PUF_final/hdl/PUF_final_wrapper.v">
      <FileInfo>
        <Attr Name="UsedIn" Val="synthesis"/>
        <Attr Name="UsedIn" Val="implementation"/>
        <Attr Name="UsedIn" Val="simulation"/>
      </FileInfo>
    </File>
    <File Path="$PPRDIR/../../ucsd-ece268-puf/Coarse_Tune.v">
      <FileInfo>
        <Attr Name="AutoDisabled" Val="1"/>
        <Attr Name="UsedIn" Val="synthesis"/>
        <Attr Name="UsedIn" Val="implementation"/>
        <Attr Name="UsedIn" Val="simulation"/>
      </FileInfo>
    </File>
    <File Path="$PPRDIR/../../ucsd-ece268-puf/Decoder.v">
      <FileInfo>
        <Attr Name="AutoDisabled" Val="1"/>
        <Attr Name="UsedIn" Val="synthesis"/>
        <Attr Name="UsedIn" Val="implementation"/>
        <Attr Name="UsedIn" Val="simulation"/>
      </FileInfo>
    </File>
    <File Path="$PPRDIR/../../ucsd-ece268-puf/PDL_coarse.v">
      <FileInfo>
        <Attr Name="AutoDisabled" Val="1"/>
        <Attr Name="UsedIn" Val="synthesis"/>
        <Attr Name="UsedIn" Val="implementation"/>
        <Attr Name="UsedIn" Val="simulation"/>
      </FileInfo>
    </File>
    <File Path="$PPRDIR/../../ucsd-ece268-puf/PUF_unit.v">
      <FileInfo>
        <Attr Name="AutoDisabled" Val="1"/>
        <Attr Name="UsedIn" Val="synthesis"/>
        <Attr Name="UsedIn" Val="implementation"/>
        <Attr Name="UsedIn" Val="simulation"/>
      </FileInfo>
    </File>
    <File Path="$PPRDIR/../../ucsd-ece268-puf/PUF.v">
      <FileInfo>
        <Attr Name="AutoDisabled" Val="1"/>
        <Attr Name="UsedIn" Val="synthesis"/>
        <Attr Name="UsedIn" Val="implementation"/>
        <Attr Name="UsedIn" Val="simulation"/>
      </FileInfo>
    </File>
    <Config>
      <Option Name="DesignMode" Val="RTL"/>
      <Option Name="TopModule" Val="PUF_final_wrapper"/>
    </Config>
  </FileSet>
  <FileSet Name="constrs_in" Type="Constrs" RelSrcDir="$PSRCDIR/constrs_1">
    <Filter Type="Constrs"/>
    <File Path="$PPRDIR/../../../Users/psiva/Downloads/constraints2.xdc">
      <FileInfo>
        <Attr Name="UsedIn" Val="synthesis"/>
        <Attr Name="UsedIn" Val="implementation"/>
      </FileInfo>
    </File>
    <Config>
      <Option Name="ConstrsType" Val="XDC"/>
    </Config>
  </FileSet>
  <Strategy Version="1" Minor="2">
    <StratHandle Name="Vivado Synthesis Defaults" Flow="Vivado Synthesis 2017">
      <Desc>Vivado Synthesis Defaults</Desc>
    </StratHandle>
    <Step Id="synth_design"/>
  </Strategy>
  <BlockFileSet Type="BlockSrcs" Name="PUF_final_processing_system7_0_0"/>
  <BlockFileSet Type="BlockSrcs" Name="PUF_final_auto_pc_0"/>
  <BlockFileSet Type="BlockSrcs" Name="PUF_final_puf_axi_interface_v2_0_0"/>
  <BlockFileSet Type="BlockSrcs" Name="PUF_final_rst_ps7_0_50M_0"/>
  <BlockFileSet Type="BlockSrcs" Name="PUF_final_PUF_0_0"/>
</GenRun>
