<?xml version="1.0" encoding="UTF-8"?>
<vivadoHLSLog:LogRoot xmlns:vivadoHLSLog="www.xilinx.com/vivadoHLSLog">
  <errorLogs>
    <logs>
      <synLog/>
      <simLog/>
      <mgLog/>
      <packageLog/>
      <csimLog/>
    </logs>
  </errorLogs>
  <warningLogs>
    <logs>
      <synLog>
        <logs message="WARNING: [HLS 200-40] Directive 'INTERFACE' cannot be applied: Function 'puf_axi_interface' does not exist in any synthesis source file." projectName="PUF_Interface_2" solutionName="solution1" date="2019-03-16T17:16:39.056-0700" type="Warning"/>
        <logs message="WARNING: [HLS 200-40] Directive 'INTERFACE' cannot be applied: Function 'puf_axi_interface' does not exist in any synthesis source file." projectName="PUF_Interface_2" solutionName="solution1" date="2019-03-16T17:16:39.048-0700" type="Warning"/>
        <logs message="WARNING: [HLS 200-40] Directive 'INTERFACE' cannot be applied: Function 'puf_axi_interface' does not exist in any synthesis source file." projectName="PUF_Interface_2" solutionName="solution1" date="2019-03-16T17:16:39.033-0700" type="Warning"/>
        <logs message="WARNING: [HLS 200-40] Directive 'INTERFACE' cannot be applied: Function 'puf_axi_interface' does not exist in any synthesis source file." projectName="PUF_Interface_2" solutionName="solution1" date="2019-03-16T17:16:39.023-0700" type="Warning"/>
        <logs message="WARNING: [HLS 200-40] Directive 'INTERFACE' cannot be applied: Function 'puf_axi_interface' does not exist in any synthesis source file." projectName="PUF_Interface_2" solutionName="solution1" date="2019-03-16T17:16:39.015-0700" type="Warning"/>
        <logs message="WARNING: [HLS 200-40] Directive 'INTERFACE' cannot be applied: Function 'puf_axi_interface' does not exist in any synthesis source file." projectName="PUF_Interface_2" solutionName="solution1" date="2019-03-16T17:16:39.006-0700" type="Warning"/>
        <logs message="WARNING: [HLS 200-40] Directive 'INTERFACE' cannot be applied: Function 'puf_axi_interface' does not exist in any synthesis source file." projectName="PUF_Interface_2" solutionName="solution1" date="2019-03-16T17:16:38.999-0700" type="Warning"/>
      </synLog>
      <simLog/>
      <mgLog/>
      <packageLog>
        <logs message="WARNING: [IMPL 213-201] IO timing constraints are not applied without adding IO buffers.&#xD;&#xA;" projectName="PUF_Interface_2" solutionName="solution1" date="2019-03-16T17:20:52.860-0700" type="Warning"/>
        <logs message="WARNING: [IMPL 213-201] IO timing constraints are not applied without adding IO buffers." projectName="PUF_Interface_2" solutionName="solution1" date="2019-03-16T17:20:47.239-0700" type="Warning"/>
      </packageLog>
      <csimLog/>
    </logs>
  </warningLogs>
</vivadoHLSLog:LogRoot>
