<?xml version="1.0" encoding="utf-8"?>
<Messages>
	<Message prefix="[HLS 200-10]" severity="INFO" keynum="HLS_10_1312" content="Analyzing design file &apos;../puf_interface/PUF_interface/puf_axi_interface_v2.cpp&apos; ..." tag=""/>
	<Message prefix="[HLS 200-10]" severity="INFO" keynum="HLS_10_1465" content="Validating synthesis directives ..." tag=""/>
	<Message prefix="[HLS 200-40]" severity="WARNING" keynum="HLS_40_1852" content="Directive &apos;INTERFACE&apos; cannot be applied: Function &apos;puf_axi_interface&apos; does not exist in any synthesis source file." tag=""/>
	<Message prefix="[HLS 200-40]" severity="WARNING" keynum="HLS_40_1852" content="Directive &apos;INTERFACE&apos; cannot be applied: Function &apos;puf_axi_interface&apos; does not exist in any synthesis source file." tag=""/>
	<Message prefix="[HLS 200-40]" severity="WARNING" keynum="HLS_40_1852" content="Directive &apos;INTERFACE&apos; cannot be applied: Function &apos;puf_axi_interface&apos; does not exist in any synthesis source file." tag=""/>
	<Message prefix="[HLS 200-40]" severity="WARNING" keynum="HLS_40_1852" content="Directive &apos;INTERFACE&apos; cannot be applied: Function &apos;puf_axi_interface&apos; does not exist in any synthesis source file." tag=""/>
	<Message prefix="[HLS 200-40]" severity="WARNING" keynum="HLS_40_1852" content="Directive &apos;INTERFACE&apos; cannot be applied: Function &apos;puf_axi_interface&apos; does not exist in any synthesis source file." tag=""/>
	<Message prefix="[HLS 200-40]" severity="WARNING" keynum="HLS_40_1852" content="Directive &apos;INTERFACE&apos; cannot be applied: Function &apos;puf_axi_interface&apos; does not exist in any synthesis source file." tag=""/>
	<Message prefix="[HLS 200-40]" severity="WARNING" keynum="HLS_40_1852" content="Directive &apos;INTERFACE&apos; cannot be applied: Function &apos;puf_axi_interface&apos; does not exist in any synthesis source file." tag=""/>
	<Message prefix="[HLS 200-111]" severity="INFO" keynum="473" content="Finished Checking Pragmas Time (s): cpu = 00:00:01 ; elapsed = 00:00:10 . Memory (MB): peak = 100.301 ; gain = 45.098" tag=""/>
	<Message prefix="[HLS 200-111]" severity="INFO" keynum="473" content="Finished Linking Time (s): cpu = 00:00:01 ; elapsed = 00:00:11 . Memory (MB): peak = 100.336 ; gain = 45.133" tag=""/>
	<Message prefix="[HLS 200-10]" severity="INFO" keynum="HLS_10_1467" content="Starting code transformations ..." tag=""/>
	<Message prefix="[HLS 200-111]" severity="INFO" keynum="473" content="Finished Standard Transforms Time (s): cpu = 00:00:02 ; elapsed = 00:00:11 . Memory (MB): peak = 107.164 ; gain = 51.961" tag=""/>
	<Message prefix="[HLS 200-10]" severity="INFO" keynum="HLS_10_1472" content="Checking synthesizability ..." tag=""/>
	<Message prefix="[HLS 200-111]" severity="INFO" keynum="473" content="Finished Checking Synthesizability Time (s): cpu = 00:00:02 ; elapsed = 00:00:11 . Memory (MB): peak = 112.066 ; gain = 56.863" tag=""/>
	<Message prefix="[HLS 200-111]" severity="INFO" keynum="473" content="Finished Pre-synthesis Time (s): cpu = 00:00:02 ; elapsed = 00:00:12 . Memory (MB): peak = 137.805 ; gain = 82.602" tag=""/>
	<Message prefix="[HLS 200-111]" severity="INFO" keynum="473" content="Finished Architecture Synthesis Time (s): cpu = 00:00:02 ; elapsed = 00:00:12 . Memory (MB): peak = 139.094 ; gain = 83.891" tag=""/>
	<Message prefix="[HLS 200-10]" severity="INFO" keynum="HLS_10_1317" content="Starting hardware synthesis ..." tag=""/>
	<Message prefix="[HLS 200-10]" severity="INFO" keynum="HLS_10_1385" content="Synthesizing &apos;puf_axi_interface_v2&apos; ..." tag=""/>
	<Message prefix="[HLS 200-10]" severity="INFO" keynum="HLS_10_1477" content="----------------------------------------------------------------" tag=""/>
	<Message prefix="[HLS 200-42]" severity="INFO" keynum="HLS_42_1438" content="-- Implementing module &apos;puf_axi_interface_v2&apos;" tag=""/>
	<Message prefix="[HLS 200-10]" severity="INFO" keynum="HLS_10_1478" content="----------------------------------------------------------------" tag=""/>
	<Message prefix="[SCHED 204-11]" severity="INFO" keynum="139" content="Starting scheduling ..." tag=""/>
	<Message prefix="[SCHED 204-11]" severity="INFO" keynum="138" content="Finished scheduling." tag=""/>
	<Message prefix="[HLS 200-111]" severity="INFO" keynum="474" content=" Elapsed time: 12.38 seconds; current allocated memory: 89.367 MB." tag=""/>
	<Message prefix="[BIND 205-100]" severity="INFO" keynum="439" content="Starting micro-architecture generation ..." tag=""/>
	<Message prefix="[BIND 205-101]" severity="INFO" keynum="211" content="Performing variable lifetime analysis." tag=""/>
	<Message prefix="[BIND 205-101]" severity="INFO" keynum="210" content="Exploring resource sharing." tag=""/>
	<Message prefix="[BIND 205-101]" severity="INFO" keynum="206" content="Binding ..." tag=""/>
	<Message prefix="[BIND 205-100]" severity="INFO" keynum="438" content="Finished micro-architecture generation." tag=""/>
	<Message prefix="[HLS 200-111]" severity="INFO" keynum="474" content=" Elapsed time: 0.057 seconds; current allocated memory: 89.515 MB." tag=""/>
	<Message prefix="[HLS 200-10]" severity="INFO" keynum="HLS_10_1483" content="----------------------------------------------------------------" tag=""/>
	<Message prefix="[HLS 200-10]" severity="INFO" keynum="HLS_10_1484" content="-- Generating RTL for module &apos;puf_axi_interface_v2&apos;" tag=""/>
	<Message prefix="[HLS 200-10]" severity="INFO" keynum="HLS_10_1485" content="----------------------------------------------------------------" tag=""/>
	<Message prefix="[RTGEN 206-500]" severity="INFO" keynum="73" content="Setting interface mode on port &apos;puf_axi_interface_v2/challenge1axi_V&apos; to &apos;s_axilite &amp; ap_none&apos;." tag=""/>
	<Message prefix="[RTGEN 206-500]" severity="INFO" keynum="73" content="Setting interface mode on port &apos;puf_axi_interface_v2/challenge2axi_V&apos; to &apos;s_axilite &amp; ap_none&apos;." tag=""/>
	<Message prefix="[RTGEN 206-500]" severity="INFO" keynum="73" content="Setting interface mode on port &apos;puf_axi_interface_v2/responseaxi_V&apos; to &apos;s_axilite &amp; ap_vld&apos;." tag=""/>
	<Message prefix="[RTGEN 206-500]" severity="INFO" keynum="73" content="Setting interface mode on port &apos;puf_axi_interface_v2/tuneraxi_V&apos; to &apos;s_axilite &amp; ap_none&apos;." tag=""/>
	<Message prefix="[RTGEN 206-500]" severity="INFO" keynum="73" content="Setting interface mode on port &apos;puf_axi_interface_v2/challenge1in_V&apos; to &apos;ap_vld&apos;." tag=""/>
	<Message prefix="[RTGEN 206-500]" severity="INFO" keynum="73" content="Setting interface mode on port &apos;puf_axi_interface_v2/challenge2in_V&apos; to &apos;ap_vld&apos;." tag=""/>
	<Message prefix="[RTGEN 206-500]" severity="INFO" keynum="73" content="Setting interface mode on port &apos;puf_axi_interface_v2/responsein_V&apos; to &apos;ap_none&apos;." tag=""/>
	<Message prefix="[RTGEN 206-500]" severity="INFO" keynum="73" content="Setting interface mode on port &apos;puf_axi_interface_v2/tuner_V&apos; to &apos;ap_vld&apos;." tag=""/>
	<Message prefix="[RTGEN 206-500]" severity="INFO" keynum="73" content="Setting interface mode on port &apos;puf_axi_interface_v2/output1axi_V&apos; to &apos;s_axilite &amp; ap_vld&apos;." tag=""/>
	<Message prefix="[RTGEN 206-500]" severity="INFO" keynum="73" content="Setting interface mode on port &apos;puf_axi_interface_v2/output2axi_V&apos; to &apos;s_axilite &amp; ap_vld&apos;." tag=""/>
	<Message prefix="[RTGEN 206-500]" severity="INFO" keynum="73" content="Setting interface mode on port &apos;puf_axi_interface_v2/outputin1_V&apos; to &apos;ap_none&apos;." tag=""/>
	<Message prefix="[RTGEN 206-500]" severity="INFO" keynum="73" content="Setting interface mode on port &apos;puf_axi_interface_v2/outputin2_V&apos; to &apos;ap_none&apos;." tag=""/>
	<Message prefix="[RTGEN 206-500]" severity="INFO" keynum="73" content="Setting interface mode on port &apos;puf_axi_interface_v2/startin_V&apos; to &apos;ap_vld&apos;." tag=""/>
	<Message prefix="[RTGEN 206-500]" severity="INFO" keynum="73" content="Setting interface mode on port &apos;puf_axi_interface_v2/startaxi_V&apos; to &apos;s_axilite &amp; ap_none&apos;." tag=""/>
	<Message prefix="[RTGEN 206-500]" severity="INFO" keynum="73" content="Setting interface mode on function &apos;puf_axi_interface_v2&apos; to &apos;s_axilite &amp; ap_ctrl_hs&apos;." tag=""/>
	<Message prefix="[RTGEN 206-100]" severity="INFO" keynum="364" content="Bundling port &apos;return&apos;, &apos;challenge2axi_V&apos;, &apos;responseaxi_V&apos;, &apos;tuneraxi_V&apos;, &apos;output1axi_V&apos;, &apos;output2axi_V&apos; and &apos;startaxi_V&apos; to AXI-Lite port AXILiteS." tag=""/>
	<Message prefix="[RTGEN 206-100]" severity="INFO" keynum="369" content="Finished creating RTL model for &apos;puf_axi_interface_v2&apos;." tag=""/>
	<Message prefix="[HLS 200-111]" severity="INFO" keynum="474" content=" Elapsed time: 0.124 seconds; current allocated memory: 89.733 MB." tag=""/>
	<Message prefix="[HLS 200-111]" severity="INFO" keynum="473" content="Finished generating all RTL models Time (s): cpu = 00:00:02 ; elapsed = 00:00:13 . Memory (MB): peak = 139.094 ; gain = 83.891" tag=""/>
	<Message prefix="[SYSC 207-301]" severity="INFO" keynum="SYSC_301_1065" content="Generating SystemC RTL for puf_axi_interface_v2." tag=""/>
	<Message prefix="[VHDL 208-304]" severity="INFO" keynum="VHDL_304_1066" content="Generating VHDL RTL for puf_axi_interface_v2." tag=""/>
	<Message prefix="[VLOG 209-307]" severity="INFO" keynum="VLOG_307_1067" content="Generating Verilog RTL for puf_axi_interface_v2." tag=""/>
	<Message prefix="[HLS 200-112]" severity="INFO" keynum="472" content="Total elapsed time: 13.5 seconds; peak allocated memory: 89.733 MB." tag=""/>
</Messages>
