<profile>

<section name = "Vivado HLS Report for 'puf_axi_interface_v2'" level="0">
<item name = "Date">Sat Mar 16 17:16:42 2019
</item>
<item name = "Version">2017.4 (Build 2086221 on Fri Dec 15 21:13:33 MST 2017)</item>
<item name = "Project">PUF_Interface_2</item>
<item name = "Solution">solution1</item>
<item name = "Product family">zynq</item>
<item name = "Target device">xc7z020clg400-1</item>
</section>

<section name = "Performance Estimates" level="0">
<item name = "Timing (ns)">
<section name = "" level="1">
<item name = "Target clock period (ns)">10.00</item>
<item name = "Clock uncertainty (ns)">1.25</item>
<item name = "Estimated clock period (ns)">1.00</item>
</section>
</item>
<item name = "Latency (clock cycles)">
<section name = "" level="1">
<item name = "Summary"><table name="" hasTotal="0">
<keys size="6">, min, max, min, max, Type</keys>
<column name="">0, 0, 0, 0, none</column>
</table>
</item>
<item name = "Detail">
<section name = "" level="1">
<item name = "Instance"><table name="" hasTotal="0">
<keys size="7">Instance, Module, min, max, min, max, Type</keys>
</table>
</item>
<item name = "Loop"><table name="" hasTotal="0">
<keys size="8">Loop Name, min, max, Latency, achieved, target, Count, Pipelined</keys>
</table>
</item>
</section>
</item>
</section>
</item>
</section>

<section name = "Utilization Estimates" level="0">
<item name = "Summary"><table name="" hasTotal="1">
<keys size="5">Name, BRAM_18K, DSP48E, FF, LUT</keys>
<column name="DSP">-, -, -, -</column>
<column name="Expression">-, -, -, -</column>
<column name="FIFO">-, -, -, -</column>
<column name="Instance">0, -, 116, 116</column>
<column name="Memory">-, -, -, -</column>
<column name="Multiplexer">-, -, -, -</column>
<column name="Register">-, -, -, -</column>
<specialColumn name="Available">280, 220, 106400, 53200</specialColumn>
<specialColumn name="Utilization (%)">0, 0, ~0, ~0</specialColumn>
</table>
</item>
<item name = "Detail">
<section name = "" level="1">
<item name = "Instance"><table name="" hasTotal="1">
<keys size="6">Instance, Module, BRAM_18K, DSP48E, FF, LUT</keys>
<column name="puf_axi_interface_v2_AXILiteS_s_axi_U">puf_axi_interface_v2_AXILiteS_s_axi, 0, 0, 116, 116</column>
</table>
</item>
<item name = "DSP48"><table name="" hasTotal="0">
<keys size="3">Instance, Module, Expression</keys>
</table>
</item>
<item name = "Memory"><table name="" hasTotal="1">
<keys size="9">Memory, Module, BRAM_18K, FF, LUT, Words, Bits, Banks, W*Bits*Banks</keys>
</table>
</item>
<item name = "FIFO"><table name="" hasTotal="1">
<keys size="7">Name, BRAM_18K, FF, LUT, Depth, Bits, Size:D*B</keys>
</table>
</item>
<item name = "Expression"><table name="" hasTotal="1">
<keys size="7">Variable Name, Operation, DSP48E, FF, LUT, Bitwidth P0, Bitwidth P1</keys>
</table>
</item>
<item name = "Multiplexer"><table name="" hasTotal="1">
<keys size="5">Name, LUT, Input Size, Bits, Total Bits</keys>
</table>
</item>
<item name = "Register"><table name="" hasTotal="1">
<keys size="5">Name, FF, LUT, Bits, Const Bits</keys>
</table>
</item>
</section>
</item>
</section>

<section name = "Interface" level="0">
<item name = "Summary"><table name="" hasTotal="0">
<keys size="6">RTL Ports, Dir, Bits, Protocol, Source Object, C Type</keys>
<column name="s_axi_AXILiteS_AWVALID">in, 1, s_axi, AXILiteS, scalar</column>
<column name="s_axi_AXILiteS_AWREADY">out, 1, s_axi, AXILiteS, scalar</column>
<column name="s_axi_AXILiteS_AWADDR">in, 7, s_axi, AXILiteS, scalar</column>
<column name="s_axi_AXILiteS_WVALID">in, 1, s_axi, AXILiteS, scalar</column>
<column name="s_axi_AXILiteS_WREADY">out, 1, s_axi, AXILiteS, scalar</column>
<column name="s_axi_AXILiteS_WDATA">in, 32, s_axi, AXILiteS, scalar</column>
<column name="s_axi_AXILiteS_WSTRB">in, 4, s_axi, AXILiteS, scalar</column>
<column name="s_axi_AXILiteS_ARVALID">in, 1, s_axi, AXILiteS, scalar</column>
<column name="s_axi_AXILiteS_ARREADY">out, 1, s_axi, AXILiteS, scalar</column>
<column name="s_axi_AXILiteS_ARADDR">in, 7, s_axi, AXILiteS, scalar</column>
<column name="s_axi_AXILiteS_RVALID">out, 1, s_axi, AXILiteS, scalar</column>
<column name="s_axi_AXILiteS_RREADY">in, 1, s_axi, AXILiteS, scalar</column>
<column name="s_axi_AXILiteS_RDATA">out, 32, s_axi, AXILiteS, scalar</column>
<column name="s_axi_AXILiteS_RRESP">out, 2, s_axi, AXILiteS, scalar</column>
<column name="s_axi_AXILiteS_BVALID">out, 1, s_axi, AXILiteS, scalar</column>
<column name="s_axi_AXILiteS_BREADY">in, 1, s_axi, AXILiteS, scalar</column>
<column name="s_axi_AXILiteS_BRESP">out, 2, s_axi, AXILiteS, scalar</column>
<column name="challenge1in_V">out, 4, ap_vld, challenge1in_V, pointer</column>
<column name="challenge1in_V_ap_vld">out, 1, ap_vld, challenge1in_V, pointer</column>
<column name="challenge2in_V">out, 4, ap_vld, challenge2in_V, pointer</column>
<column name="challenge2in_V_ap_vld">out, 1, ap_vld, challenge2in_V, pointer</column>
<column name="responsein_V">in, 8, ap_none, responsein_V, scalar</column>
<column name="tuner_V">out, 5, ap_vld, tuner_V, pointer</column>
<column name="tuner_V_ap_vld">out, 1, ap_vld, tuner_V, pointer</column>
<column name="outputin1_V">in, 8, ap_none, outputin1_V, scalar</column>
<column name="outputin2_V">in, 8, ap_none, outputin2_V, scalar</column>
<column name="startin_V">out, 1, ap_vld, startin_V, pointer</column>
<column name="startin_V_ap_vld">out, 1, ap_vld, startin_V, pointer</column>
<column name="ap_clk">in, 1, ap_ctrl_hs, puf_axi_interface_v2, return value</column>
<column name="ap_rst_n">in, 1, ap_ctrl_hs, puf_axi_interface_v2, return value</column>
<column name="interrupt">out, 1, ap_ctrl_hs, puf_axi_interface_v2, return value</column>
</table>
</item>
</section>

<section name = "Critical Path" level="0">
<item name = "Max Delay">1.00</item>
<item name = "Critical Path Table"><table name="Critical Path Table" hasTotal="0">
<keys size="15">Name, Operator, Delay, Accumulated Delay, Store Source, Resource, Core, Interface, Type, Port, Array, Scope, Pointer, Callee, Phi Node</keys>
<column name="'op2.V'">read, 1.00, 1.00, -, -, -, s_axi, read, &apos;startaxi_V&apos;, -, -, -, -, -</column>
<column name="../puf_interface/PUF_interface/puf_axi_interface_v2.cpp:17">write, 0.00, 1.00, -, -, -, wire, write, &apos;startin_V&apos;, -, -, -, -, -</column>
</table>
</item>
</section>
</profile>
