<?xml version="1.0" encoding="UTF-8"?>
<GenRun Id="impl_1" LaunchPart="xc7z020clg400-1" LaunchTime="1553120080">
  <File Type="PWROPT-DCP" Name="PUF_final_wrapper_pwropt.dcp"/>
  <File Type="ROUTE-PWR" Name="PUF_final_wrapper_power_routed.rpt"/>
  <File Type="PA-TCL" Name="PUF_final_wrapper.tcl"/>
  <File Type="ROUTE-PWR-SUM" Name="PUF_final_wrapper_power_summary_routed.pb"/>
  <File Type="REPORTS-TCL" Name="PUF_final_wrapper_reports.tcl"/>
  <File Type="BG-DRC" Name="PUF_final_wrapper.drc"/>
  <File Type="OPT-METHODOLOGY-DRC" Name="PUF_final_wrapper_methodology_drc_opted.rpt"/>
  <File Type="INIT-TIMING" Name="PUF_final_wrapper_timing_summary_init.rpt"/>
  <File Type="OPT-HWDEF" Name="PUF_final_wrapper.hwdef"/>
  <File Type="OPT-DCP" Name="PUF_final_wrapper_opt.dcp"/>
  <File Type="OPT-DRC" Name="PUF_final_wrapper_drc_opted.rpt"/>
  <File Type="OPT-TIMING" Name="PUF_final_wrapper_timing_summary_opted.rpt"/>
  <File Type="PWROPT-DRC" Name="PUF_final_wrapper_drc_pwropted.rpt"/>
  <File Type="PWROPT-TIMING" Name="PUF_final_wrapper_timing_summary_pwropted.rpt"/>
  <File Type="PLACE-DCP" Name="PUF_final_wrapper_placed.dcp"/>
  <File Type="PLACE-IO" Name="PUF_final_wrapper_io_placed.rpt"/>
  <File Type="PLACE-CLK" Name="PUF_final_wrapper_clock_utilization_placed.rpt"/>
  <File Type="PLACE-UTIL" Name="PUF_final_wrapper_utilization_placed.rpt"/>
  <File Type="PLACE-UTIL-PB" Name="PUF_final_wrapper_utilization_placed.pb"/>
  <File Type="PLACE-CTRL" Name="PUF_final_wrapper_control_sets_placed.rpt"/>
  <File Type="PLACE-SIMILARITY" Name="PUF_final_wrapper_incremental_reuse_placed.rpt"/>
  <File Type="PLACE-PRE-SIMILARITY" Name="PUF_final_wrapper_incremental_reuse_pre_placed.rpt"/>
  <File Type="PLACE-TIMING" Name="PUF_final_wrapper_timing_summary_placed.rpt"/>
  <File Type="POSTPLACE-PWROPT-DCP" Name="PUF_final_wrapper_postplace_pwropt.dcp"/>
  <File Type="POSTPLACE-PWROPT-TIMING" Name="PUF_final_wrapper_timing_summary_postplace_pwropted.rpt"/>
  <File Type="PHYSOPT-DCP" Name="PUF_final_wrapper_physopt.dcp"/>
  <File Type="PHYSOPT-DRC" Name="PUF_final_wrapper_drc_physopted.rpt"/>
  <File Type="BG-BIT" Name="PUF_final_wrapper.bit"/>
  <File Type="PHYSOPT-TIMING" Name="PUF_final_wrapper_timing_summary_physopted.rpt"/>
  <File Type="ROUTE-ERROR-DCP" Name="PUF_final_wrapper_routed_error.dcp"/>
  <File Type="ROUTE-DCP" Name="PUF_final_wrapper_routed.dcp"/>
  <File Type="ROUTE-BLACKBOX-DCP" Name="PUF_final_wrapper_routed_bb.dcp"/>
  <File Type="ROUTE-DRC" Name="PUF_final_wrapper_drc_routed.rpt"/>
  <File Type="ROUTE-DRC-PB" Name="PUF_final_wrapper_drc_routed.pb"/>
  <File Type="BITSTR-MSK" Name="PUF_final_wrapper.msk"/>
  <File Type="ROUTE-DRC-RPX" Name="PUF_final_wrapper_drc_routed.rpx"/>
  <File Type="BG-BGN" Name="PUF_final_wrapper.bgn"/>
  <File Type="ROUTE-METHODOLOGY-DRC" Name="PUF_final_wrapper_methodology_drc_routed.rpt"/>
  <File Type="BITSTR-RBT" Name="PUF_final_wrapper.rbt"/>
  <File Type="ROUTE-METHODOLOGY-DRC-RPX" Name="PUF_final_wrapper_methodology_drc_routed.rpx"/>
  <File Type="BG-BIN" Name="PUF_final_wrapper.bin"/>
  <File Type="ROUTE-METHODOLOGY-DRC-PB" Name="PUF_final_wrapper_methodology_drc_routed.pb"/>
  <File Type="ROUTE-PWR-RPX" Name="PUF_final_wrapper_power_routed.rpx"/>
  <File Type="ROUTE-STATUS" Name="PUF_final_wrapper_route_status.rpt"/>
  <File Type="ROUTE-STATUS-PB" Name="PUF_final_wrapper_route_status.pb"/>
  <File Type="ROUTE-TIMINGSUMMARY" Name="PUF_final_wrapper_timing_summary_routed.rpt"/>
  <File Type="ROUTE-TIMING-PB" Name="PUF_final_wrapper_timing_summary_routed.pb"/>
  <File Type="ROUTE-TIMING-RPX" Name="PUF_final_wrapper_timing_summary_routed.rpx"/>
  <File Type="ROUTE-SIMILARITY" Name="PUF_final_wrapper_incremental_reuse_routed.rpt"/>
  <File Type="RDI-RDI" Name="PUF_final_wrapper.vdi"/>
  <File Type="ROUTE-CLK" Name="PUF_final_wrapper_clock_utilization_routed.rpt"/>
  <File Type="POSTROUTE-PHYSOPT-DCP" Name="PUF_final_wrapper_postroute_physopt.dcp"/>
  <File Type="POSTROUTE-PHYSOPT-BLACKBOX-DCP" Name="PUF_final_wrapper_postroute_physopt_bb.dcp"/>
  <File Type="POSTROUTE-PHYSOPT-TIMING" Name="PUF_final_wrapper_timing_summary_postroute_physopted.rpt"/>
  <File Type="POSTROUTE-PHYSOPT-TIMING-PB" Name="PUF_final_wrapper_timing_summary_postroute_physopted.pb"/>
  <File Type="POSTROUTE-PHYSOPT-TIMING-RPX" Name="PUF_final_wrapper_timing_summary_postroute_physopted.rpx"/>
  <File Type="BITSTR-NKY" Name="PUF_final_wrapper.nky"/>
  <File Type="BITSTR-BMM" Name="PUF_final_wrapper_bd.bmm"/>
  <File Type="BITSTR-MMI" Name="PUF_final_wrapper.mmi"/>
  <File Type="BITSTR-LTX" Name="debug_nets.ltx"/>
  <File Type="BITSTR-LTX" Name="PUF_final_wrapper.ltx"/>
  <File Type="BITSTR-SYSDEF" Name="PUF_final_wrapper.sysdef"/>
  <File Type="WBT-USG" Name="usage_statistics_webtalk.html"/>
  <FileSet Name="sources" Type="DesignSrcs" RelSrcDir="$PSRCDIR/sources_1">
    <Filter Type="Srcs"/>
    <File Path="$PSRCDIR/sources_1/bd/PUF_final/PUF_final.bd">
      <FileInfo>
        <Attr Name="UsedIn" Val="synthesis"/>
        <Attr Name="UsedIn" Val="implementation"/>
        <Attr Name="UsedIn" Val="simulation"/>
      </FileInfo>
    </File>
    <File Path="$PSRCDIR/sources_1/bd/PUF_final/hdl/PUF_final_wrapper.v">
      <FileInfo>
        <Attr Name="UsedIn" Val="synthesis"/>
        <Attr Name="UsedIn" Val="implementation"/>
        <Attr Name="UsedIn" Val="simulation"/>
      </FileInfo>
    </File>
    <File Path="$PPRDIR/../../ucsd-ece268-puf/Coarse_Tune.v">
      <FileInfo>
        <Attr Name="AutoDisabled" Val="1"/>
        <Attr Name="UsedIn" Val="synthesis"/>
        <Attr Name="UsedIn" Val="implementation"/>
        <Attr Name="UsedIn" Val="simulation"/>
      </FileInfo>
    </File>
    <File Path="$PPRDIR/../../ucsd-ece268-puf/Decoder.v">
      <FileInfo>
        <Attr Name="AutoDisabled" Val="1"/>
        <Attr Name="UsedIn" Val="synthesis"/>
        <Attr Name="UsedIn" Val="implementation"/>
        <Attr Name="UsedIn" Val="simulation"/>
      </FileInfo>
    </File>
    <File Path="$PPRDIR/../../ucsd-ece268-puf/PDL_coarse.v">
      <FileInfo>
        <Attr Name="AutoDisabled" Val="1"/>
        <Attr Name="UsedIn" Val="synthesis"/>
        <Attr Name="UsedIn" Val="implementation"/>
        <Attr Name="UsedIn" Val="simulation"/>
      </FileInfo>
    </File>
    <File Path="$PPRDIR/../../ucsd-ece268-puf/PUF_unit.v">
      <FileInfo>
        <Attr Name="AutoDisabled" Val="1"/>
        <Attr Name="UsedIn" Val="synthesis"/>
        <Attr Name="UsedIn" Val="implementation"/>
        <Attr Name="UsedIn" Val="simulation"/>
      </FileInfo>
    </File>
    <File Path="$PPRDIR/../../ucsd-ece268-puf/PUF.v">
      <FileInfo>
        <Attr Name="AutoDisabled" Val="1"/>
        <Attr Name="UsedIn" Val="synthesis"/>
        <Attr Name="UsedIn" Val="implementation"/>
        <Attr Name="UsedIn" Val="simulation"/>
      </FileInfo>
    </File>
    <Config>
      <Option Name="DesignMode" Val="RTL"/>
      <Option Name="TopModule" Val="PUF_final_wrapper"/>
    </Config>
  </FileSet>
  <FileSet Name="constrs_in" Type="Constrs" RelSrcDir="$PSRCDIR/constrs_1">
    <Filter Type="Constrs"/>
    <File Path="$PPRDIR/../../../Users/psiva/Downloads/constraints2.xdc">
      <FileInfo>
        <Attr Name="UsedIn" Val="synthesis"/>
        <Attr Name="UsedIn" Val="implementation"/>
      </FileInfo>
    </File>
    <Config>
      <Option Name="ConstrsType" Val="XDC"/>
    </Config>
  </FileSet>
  <Strategy Version="1" Minor="2">
    <StratHandle Name="Vivado Implementation Defaults" Flow="Vivado Implementation 2017">
      <Desc>Default settings for Implementation.</Desc>
    </StratHandle>
    <Step Id="init_design"/>
    <Step Id="opt_design"/>
    <Step Id="power_opt_design"/>
    <Step Id="place_design"/>
    <Step Id="post_place_power_opt_design"/>
    <Step Id="phys_opt_design"/>
    <Step Id="route_design"/>
    <Step Id="post_route_phys_opt_design"/>
    <Step Id="write_bitstream"/>
  </Strategy>
  <BlockFileSet Type="BlockSrcs" Name="PUF_final_processing_system7_0_0"/>
  <BlockFileSet Type="BlockSrcs" Name="PUF_final_auto_pc_0"/>
  <BlockFileSet Type="BlockSrcs" Name="PUF_final_puf_axi_interface_v2_0_0"/>
  <BlockFileSet Type="BlockSrcs" Name="PUF_final_rst_ps7_0_50M_0"/>
  <BlockFileSet Type="BlockSrcs" Name="PUF_final_PUF_0_0"/>
</GenRun>
